<?xml version="1.0" encoding="UTF-8"?>
<preferences xmlns="http://www.demandware.com/xml/impex/preferences/2007-03-31">
    <custom-preferences>
        <all-instances>
			<preference preference-id="credPaymentToken">cred payment token</preference>
			<preference preference-id="jifitilenderId">lenderId</preference>
            <preference preference-id="jifitimerchantId">merchantId</preference>
			<preference preference-id="jifitistoreId">SFCC Location</preference>
			<preference preference-id="jifiticallBackURL">https://zyaf-001.sandbox.us01.dx.commercecloud.salesforce.com/on/demandware.store/Sites-RefArch-Site/en_US/CredPaymentController-CallBack</preference>
            <preference preference-id="jifitiproductTypes">
                <value>CO</value>
                <value>LC</value>
                <value>NaN</value>
                <value>ZeroPing</value>
                <value>Funded</value>
                <value>RevolvingInstore</value>
                <value>RevolvingOnline</value>
                <value>OTLInstore</value>
                <value>OTLOnline</value>
                <value>_3xCB</value>
                <value>SplitPayments</value>
            </preference>
			<preference preference-id="jifitisourcePageType">Checkout</preference>
            <preference preference-id="jifitiSourceChannel">Online</preference>
			<preference preference-id="jifitiCompletionMethod">TransferCard</preference>
            <preference preference-id="jifitiwindowBehavior">SameTab</preference>
            <preference preference-id="jifitipaymentTransactionType">Capture</preference>
            <preference preference-id="jifiticheckAccountStatusApi">applications/v2/CheckAccountStatus</preference>
			<preference preference-id="jifitiPurchaseApi">purchases/v2/Authorize</preference>
            <preference preference-id="jifitiinitiateFlowApi">applications/v2/InitiateFlow</preference>
            <preference preference-id="isJifitiEnabled">true</preference>
            <preference preference-id="JifitiServiceLocation">credPayment.rest</preference>
            <preference preference-id="bnplAuthToken">w4te4r7tkejrt47wty687hrwrg4ht5rw</preference>
            <preference preference-id="bnplContainerStyle">{backgroundColor:'#f6f8fa',"textAlign":"center","lineHeight":"normal","padding":"0px"}</preference>
			<preference preference-id="bnplTextStyle">{"color":"purple"}</preference>
			<preference preference-id="bnplText">Hey</preference>
            <preference preference-id="bnplCurrencySymbol">$</preference>
            <preference preference-id="bnplLinkHref">https://www.google.com/</preference>
            <preference preference-id="bnplLinkText">Check Eligibility</preference>
			<preference preference-id="bnplLinkBehaviour">1</preference>
            <preference preference-id="bnplTemplateName">minFinancing</preference>
			<preference preference-id="bnplFlow">Prequal</preference>
        </all-instances>
        <development/>
        <staging/>
        <production/>
    </custom-preferences>
</preferences>
