<?xml version="1.0" encoding="UTF-8"?>
<jobs xmlns="http://www.demandware.com/xml/impex/jobs/2015-07-01">
    <job job-id="GetLenderDetails" priority="0">
        <description/>
        <parameters/>
        <flow>
            <context site-id="RefArch"/>
            <step step-id="GetLenderDetails" type="ExecuteScriptModule" enforce-restart="false">
                <description/>
                <parameters>
                    <parameter name="ExecuteScriptModule.Module">int_custompayment_sfra/cartridge/scripts/jobs/getLenderDetails.js</parameter>
                    <parameter name="ExecuteScriptModule.FunctionName">execute</parameter>
                    <parameter name="ExecuteScriptModule.Transactional">false</parameter>
                </parameters>
            </step>
        </flow>
        <rules/>
        <triggers>
            <run-once enabled="false">
                <date>2022-12-21Z</date>
                <time>14:47:25.000Z</time>
            </run-once>
        </triggers>
    </job>
</jobs>
