<?xml version="1.0" encoding="UTF-8"?>
<preferences xmlns="http://www.demandware.com/xml/impex/preferences/2007-03-31">
    <custom-preferences>
        <all-instances>
            <preference preference-id="CompletionMethod">TransferCard</preference>
            <preference preference-id="SourceChannel">Online</preference>
            <preference preference-id="callBackURL">https://zyaf-001.sandbox.us01.dx.commercecloud.salesforce.com/on/demandware.store/Sites-RefArch-Site/en_US/CredPaymentController-CallBack</preference>
            <preference preference-id="credPaymentToken">cred payment token</preference>
            <preference preference-id="lenderId">lenderId</preference>
            <preference preference-id="merchantId">merchantId</preference>
            <preference preference-id="productTypes">
                <value>CO</value>
                <value>LC</value>
                <value>NaN</value>
                <value>ZeroPing</value>
                <value>Funded</value>
                <value>RevolvingInstore</value>
                <value>RevolvingOnline</value>
                <value>OTLInstore</value>
                <value>OTLOnline</value>
                <value>_3xCB</value>
            </preference>
            <preference preference-id="sourcePageType">Checkout</preference>
            <preference preference-id="storeId">Tel Aviv</preference>
            <preference preference-id="windowBehavior">SameTab</preference>
            <preference preference-id="paymentTransactionType">Capture</preference>
            <preference preference-id="checkAccountStatusApi">applications/v2/CheckAccountStatus</preference>
            <preference preference-id="initiateFlowApi">applications/v2/InitiateFlow</preference>
            <preference preference-id="PurchaseApi">purchases/v2/Authorize</preference>
        </all-instances>
        <development/>
        <staging/>
        <production/>
    </custom-preferences>
</preferences>

