<?xml version="1.0" encoding="UTF-8"?>
<metadata xmlns="http://www.demandware.com/xml/impex/metadata/2006-10-31">

    <type-extension type-id="OrderPaymentInstrument">
        <custom-attribute-definitions>
            <attribute-definition attribute-id="credPaymentResponse">
                <display-name xml:lang="x-default">Cred Payment Response</display-name>
                <type>string</type>
                <mandatory-flag>false</mandatory-flag>
                <externally-managed-flag>false</externally-managed-flag>
                <min-length>0</min-length>
            </attribute-definition>
        </custom-attribute-definitions>
        <group-definitions>
            <attribute-group group-id="jifitiPayment">
                <display-name xml:lang="x-default">JifitiPayment</display-name>
                <attribute attribute-id="credPaymentResponse"/>
            </attribute-group>
        </group-definitions>
    </type-extension>

    <type-extension type-id="SitePreferences">
        <custom-attribute-definitions>
            <attribute-definition attribute-id="jifitiCompletionMethod">
                <display-name xml:lang="x-default">CompletionMethod</display-name>
                <type>enum-of-string</type>
                <mandatory-flag>true</mandatory-flag>
                <externally-managed-flag>false</externally-managed-flag>
                <value-definitions>
                    <value-definition>
                        <display xml:lang="x-default">TransferCard</display>
                        <value>TransferCard</value>
                    </value-definition>
                    <value-definition>
                        <display xml:lang="x-default">CompletePurchase</display>
                        <value>CompletePurchase</value>
                    </value-definition>
                    <value-definition>
                        <display xml:lang="x-default">CreateAccount</display>
                        <value>CreateAccount</value>
                    </value-definition>
                </value-definitions>
            </attribute-definition>
            <attribute-definition attribute-id="jifitiSourceChannel">
                <display-name xml:lang="x-default">SourceChannel</display-name>
                <type>enum-of-string</type>
                <mandatory-flag>true</mandatory-flag>
                <externally-managed-flag>false</externally-managed-flag>
                <value-definitions>
                    <value-definition>
                        <display xml:lang="x-default">Online</display>
                        <value>Online</value>
                    </value-definition>
                    <value-definition>
                        <display xml:lang="x-default">In_Store</display>
                        <value>In_Store</value>
                    </value-definition>
                </value-definitions>
            </attribute-definition>
            <attribute-definition attribute-id="jifiticallBackURL">
                <display-name xml:lang="x-default">callBackURL</display-name>
                <type>string</type>
                <mandatory-flag>false</mandatory-flag>
                <externally-managed-flag>false</externally-managed-flag>
                <min-length>0</min-length>
            </attribute-definition>
            <attribute-definition attribute-id="credPaymentToken">
                <display-name xml:lang="x-default">credPaymentToken</display-name>
                <type>string</type>
                <mandatory-flag>false</mandatory-flag>
                <externally-managed-flag>false</externally-managed-flag>
                <min-length>0</min-length>
            </attribute-definition>
            <attribute-definition attribute-id="jifitilenderId">
                <display-name xml:lang="x-default">LenderId</display-name>
                <type>string</type>
                <mandatory-flag>false</mandatory-flag>
                <externally-managed-flag>false</externally-managed-flag>
                <min-length>0</min-length>
            </attribute-definition>
            <attribute-definition attribute-id="jifitimerchantId">
                <display-name xml:lang="x-default">MerchantId</display-name>
                <type>string</type>
                <mandatory-flag>false</mandatory-flag>
                <externally-managed-flag>false</externally-managed-flag>
                <min-length>0</min-length>
            </attribute-definition>
            <attribute-definition attribute-id="jifitiproductTypes">
                <display-name xml:lang="x-default">productTypes</display-name>
                <type>set-of-string</type>
                <mandatory-flag>false</mandatory-flag>
                <externally-managed-flag>false</externally-managed-flag>
            </attribute-definition>
            <attribute-definition attribute-id="jifitisourcePageType">
                <display-name xml:lang="x-default">SourcePageType</display-name>
                <type>enum-of-string</type>
                <mandatory-flag>true</mandatory-flag>
                <externally-managed-flag>false</externally-managed-flag>
                <value-definitions>
                    <value-definition>
                        <display xml:lang="x-default">Financing</display>
                        <value>Financing</value>
                    </value-definition>
                    <value-definition>
                        <display xml:lang="x-default">PIP</display>
                        <value>PIP</value>
                    </value-definition>
                    <value-definition>
                        <display xml:lang="x-default">Cart</display>
                        <value>Cart</value>
                    </value-definition>
                    <value-definition>
                        <display xml:lang="x-default">Checkout</display>
                        <value>Checkout</value>
                    </value-definition>
                </value-definitions>
            </attribute-definition>
            <attribute-definition attribute-id="jifitistoreId">
                <display-name xml:lang="x-default">StoreId</display-name>
                <type>string</type>
                <mandatory-flag>false</mandatory-flag>
                <externally-managed-flag>false</externally-managed-flag>
                <min-length>0</min-length>
            </attribute-definition>
            <attribute-definition attribute-id="jifitiwindowBehavior">
                <display-name xml:lang="x-default">WindowBehavior</display-name>
                <type>enum-of-string</type>
                <mandatory-flag>true</mandatory-flag>
                <externally-managed-flag>false</externally-managed-flag>
                <value-definitions>
                    <value-definition>
                        <display xml:lang="x-default">SameTab</display>
                        <value>SameTab</value>
                    </value-definition>
                    <value-definition>
                        <display xml:lang="x-default">Lightbox</display>
                        <value>Lightbox</value>
                    </value-definition>
                </value-definitions>
            </attribute-definition>
            <attribute-definition attribute-id="jifitipaymentTransactionType">
                <display-name xml:lang="x-default">Payment Transaction Type</display-name>
                <type>enum-of-string</type>
                <mandatory-flag>true</mandatory-flag>
                <externally-managed-flag>false</externally-managed-flag>
                <value-definitions>
                    <value-definition>
                        <display xml:lang="x-default">Auth</display>
                        <value>Auth</value>
                    </value-definition>
                    <value-definition>
                        <display xml:lang="x-default">Capture</display>
                        <value>Capture</value>
                    </value-definition>
                </value-definitions>
            </attribute-definition>
            <attribute-definition attribute-id="jifitiPurchaseApi">
                <display-name xml:lang="x-default">PurchaseApi</display-name>
                <type>string</type>
                <mandatory-flag>false</mandatory-flag>
                <externally-managed-flag>false</externally-managed-flag>
                <min-length>0</min-length>
            </attribute-definition>
            <attribute-definition attribute-id="jifiticheckAccountStatusApi">
                <display-name xml:lang="x-default">checkAccountStatusApi</display-name>
                <type>string</type>
                <mandatory-flag>false</mandatory-flag>
                <externally-managed-flag>false</externally-managed-flag>
                <min-length>0</min-length>
            </attribute-definition>
            <attribute-definition attribute-id="jifitiinitiateFlowApi">
                <display-name xml:lang="x-default">initiateFlowApi</display-name>
                <type>string</type>
                <mandatory-flag>false</mandatory-flag>
                <externally-managed-flag>false</externally-managed-flag>
                <min-length>0</min-length>
            </attribute-definition>
            <attribute-definition attribute-id="isJifitiEnabled">
                <display-name xml:lang="x-default">isJifitiEnabled</display-name>
                <type>boolean</type>
                <mandatory-flag>false</mandatory-flag>
                <externally-managed-flag>false</externally-managed-flag>
            </attribute-definition>
            <attribute-definition attribute-id="JifitiServiceLocation">
                <display-name xml:lang="x-default">Jifiti Service Location</display-name>
                <description xml:lang="x-default">This custom Attribute used to decide the service that will be used</description>
                <type>enum-of-string</type>
                <mandatory-flag>false</mandatory-flag>
                <externally-managed-flag>false</externally-managed-flag>
                <value-definitions>
                    <value-definition>
                        <display xml:lang="x-default">US</display>
                        <value>credPayment.rest</value>
                    </value-definition>
                    <value-definition>
                        <display xml:lang="x-default">EU</display>
                        <value>credPaymentEU.rest</value>
                    </value-definition>
                </value-definitions>
            </attribute-definition>
            <attribute-definition attribute-id="jifitiRefundApi">
                <display-name xml:lang="x-default">RefundApi</display-name>
                <type>string</type>
                <mandatory-flag>false</mandatory-flag>
                <externally-managed-flag>false</externally-managed-flag>
                <min-length>0</min-length>
            </attribute-definition>
	        <attribute-definition attribute-id="jifitiCancelApi">
                <display-name xml:lang="x-default">CancelApi</display-name>
                <type>string</type>
                <mandatory-flag>false</mandatory-flag>
                <externally-managed-flag>false</externally-managed-flag>
                <min-length>0</min-length>
            </attribute-definition>
            <attribute-definition attribute-id="bnplAuthToken">
                <display-name xml:lang="x-default">Auth Token</display-name>
                <type>string</type>
                <mandatory-flag>false</mandatory-flag>
                <externally-managed-flag>false</externally-managed-flag>
                <min-length>0</min-length>
            </attribute-definition>
            <attribute-definition attribute-id="bnplContainerStyle">
                <display-name xml:lang="x-default">Container Style</display-name>
                <description xml:lang="x-default">Customize the outer container style. It should be a javaScript object containing the css attributes. It must be matching the following syntax and must be suronded with douple quotes ex: {"backgroundColor":"#D0E5EE","textAlign":"center","lineHeight":"normal","padding":"0px"}</description>
                <type>string</type>
                <mandatory-flag>false</mandatory-flag>
                <externally-managed-flag>false</externally-managed-flag>
                <min-length>0</min-length>
                <default-value>{}</default-value>
            </attribute-definition>
            <attribute-definition attribute-id="bnplCurrencySymbol">
                <display-name xml:lang="x-default">The currency symbol to be used in the promo widget</display-name>
                <description xml:lang="x-default">Currency Symbol to be used (this will be included before the amount)</description>
                <type>string</type>
                <mandatory-flag>false</mandatory-flag>
                <externally-managed-flag>false</externally-managed-flag>
                <min-length>0</min-length>
                <default-value>$</default-value>
            </attribute-definition>
            <attribute-definition attribute-id="bnplEnableInCart">
                <display-name xml:lang="x-default">Enable in Cart Page</display-name>
                <type>boolean</type>
                <mandatory-flag>false</mandatory-flag>
                <externally-managed-flag>false</externally-managed-flag>
                <default-value>true</default-value>
            </attribute-definition>
            <attribute-definition attribute-id="bnplEnableInPDP">
                <display-name xml:lang="x-default">Enable in Product Details Page</display-name>
                <type>boolean</type>
                <mandatory-flag>false</mandatory-flag>
                <externally-managed-flag>false</externally-managed-flag>
                <default-value>true</default-value>
            </attribute-definition>
            <attribute-definition attribute-id="bnplEnableInPLP">
                <display-name xml:lang="x-default">Enable in Product Listing Page</display-name>
                <type>boolean</type>
                <mandatory-flag>false</mandatory-flag>
                <externally-managed-flag>false</externally-managed-flag>
                <default-value>true</default-value>
            </attribute-definition>
            <attribute-definition attribute-id="bnplFlow">
                <display-name xml:lang="x-default">Flow</display-name>
                <description xml:lang="x-default">Defines the widget behavior and the options available to the user</description>
                <type>enum-of-string</type>
                <mandatory-flag>false</mandatory-flag>
                <externally-managed-flag>false</externally-managed-flag>
                <value-definitions>
                    <value-definition>
                        <display xml:lang="x-default">Prequal</display>
                        <value>Prequal</value>
                    </value-definition>
                    <value-definition>
                        <display xml:lang="x-default">Continue Shopping</display>
                        <value>ContinueShopping</value>
                    </value-definition>
                    <value-definition>
                        <display xml:lang="x-default">Create Account</display>
                        <value>CreateAccount</value>
                    </value-definition>
                </value-definitions>
            </attribute-definition>
            <attribute-definition attribute-id="bnplIsEnabled">
                <display-name xml:lang="x-default">Enabled</display-name>
                <description xml:lang="x-default">Select Yes/No to activate/deactivate the promotion message widget</description>
                <type>boolean</type>
                <mandatory-flag>false</mandatory-flag>
                <externally-managed-flag>false</externally-managed-flag>
                <default-value>true</default-value>
            </attribute-definition>
            <attribute-definition attribute-id="bnplLinkBehaviour">
                <display-name xml:lang="x-default">Link Behavior</display-name>
                <description xml:lang="x-default">Determine the behavior of clicking on the link (0 for popup window, 1 for new tab or 2 for same tab)</description>
                <type>enum-of-int</type>
                <mandatory-flag>false</mandatory-flag>
                <externally-managed-flag>false</externally-managed-flag>
                <value-definitions>
                    <value-definition default="true">
                        <display xml:lang="x-default">Popup</display>
                        <value>0</value>
                    </value-definition>
                    <value-definition>
                        <display xml:lang="x-default">New Tab</display>
                        <value>1</value>
                    </value-definition>
                    <value-definition>
                        <display xml:lang="x-default">Same Tab</display>
                        <value>2</value>
                    </value-definition>
                </value-definitions>
            </attribute-definition>
            <attribute-definition attribute-id="bnplLinkHref">
                <display-name xml:lang="x-default">Link href</display-name>
                <description xml:lang="x-default">Widget link URL for the specified selector. This is the link that will open when the "link_text" is clicked</description>
                <type>string</type>
                <mandatory-flag>false</mandatory-flag>
                <externally-managed-flag>false</externally-managed-flag>
                <min-length>0</min-length>
            </attribute-definition>
            <attribute-definition attribute-id="bnplLinkStyle">
                <display-name xml:lang="x-default">Link Style</display-name>
                <description xml:lang="x-default">Customize link style (Font color, size, span, spacing, etc.). This field should be filled when the selected template is Standard</description>
                <type>string</type>
                <mandatory-flag>false</mandatory-flag>
                <externally-managed-flag>false</externally-managed-flag>
                <min-length>0</min-length>
                <default-value>{}</default-value>
            </attribute-definition>
            <attribute-definition attribute-id="bnplLinkText">
                <display-name xml:lang="x-default">Link Text</display-name>
                <description xml:lang="x-default">Text displayed for the link. This is the link that will open the application flow. This field should be filled when the selected template is Standard</description>
                <type>string</type>
                <mandatory-flag>false</mandatory-flag>
                <externally-managed-flag>false</externally-managed-flag>
                <min-length>0</min-length>
                <default-value>Check Eligibility</default-value>
            </attribute-definition>
            <attribute-definition attribute-id="bnplOfferCategory">
                <display-name xml:lang="x-default">Offer Category</display-name>
                <description xml:lang="x-default">(optional) Represents the eligible offer category, if not provided, displays the default offer</description>
                <type>string</type>
                <mandatory-flag>false</mandatory-flag>
                <externally-managed-flag>false</externally-managed-flag>
                <min-length>0</min-length>
            </attribute-definition>
            <attribute-definition attribute-id="bnplTemplateName">
                <display-name xml:lang="x-default">Template Name</display-name>
                <description xml:lang="x-default">(optional) Displays a different template if the product price is below the threshold for financing</description>
                <type>enum-of-string</type>
                <mandatory-flag>false</mandatory-flag>
                <externally-managed-flag>false</externally-managed-flag>
                <value-definitions>
                    <value-definition default="true">
                        <display xml:lang="x-default">Standard</display>
                        <value>standard</value>
                    </value-definition>
                    <value-definition>
                        <display xml:lang="x-default">Min Financing</display>
                        <value>minFinancing</value>
                    </value-definition>
                    <value-definition>
                        <display xml:lang="x-default">Min Financing With Logo</display>
                        <value>minFinancingWithLogo</value>
                    </value-definition>
                </value-definitions>
            </attribute-definition>
            <attribute-definition attribute-id="bnplText">
                <display-name xml:lang="x-default">Message Text</display-name>
                <description xml:lang="x-default">Text to be displayed, supports the following placeholders: {pmt } for the payment amount and {mons} for the financing period.</description>
                <type>string</type>
                <mandatory-flag>false</mandatory-flag>
                <externally-managed-flag>false</externally-managed-flag>
                <min-length>0</min-length>
                <default-value>Or as low as {pmt}/mo for {mons} months</default-value>
            </attribute-definition>
            <attribute-definition attribute-id="bnplTextStyle">
                <display-name xml:lang="x-default">Text Style</display-name>
                <description xml:lang="x-default">Customize text style (Font color, size, span, spacing, etc.)</description>
                <type>string</type>
                <mandatory-flag>false</mandatory-flag>
                <externally-managed-flag>false</externally-managed-flag>
                <min-length>0</min-length>
                <default-value>{}</default-value>
            </attribute-definition>
        </custom-attribute-definitions>
        <group-definitions>
            <attribute-group group-id="jifitiPayment">
                <display-name xml:lang="x-default">JifitiPayment</display-name>
                <attribute attribute-id="credPaymentToken"/>
                <attribute attribute-id="jifitilenderId"/>
                <attribute attribute-id="jifitimerchantId"/>
                <attribute attribute-id="jifitistoreId"/>
                <attribute attribute-id="jifiticallBackURL"/>
                <attribute attribute-id="jifitiproductTypes"/>
                <attribute attribute-id="jifitisourcePageType"/>
                <attribute attribute-id="jifitiSourceChannel"/>
                <attribute attribute-id="jifitiCompletionMethod"/>
                <attribute attribute-id="jifitiwindowBehavior"/>
                <attribute attribute-id="jifitipaymentTransactionType"/>
                <attribute attribute-id="jifiticheckAccountStatusApi"/>
                <attribute attribute-id="jifitiPurchaseApi"/>
                <attribute attribute-id="jifitiinitiateFlowApi"/>
                <attribute attribute-id="isJifitiEnabled"/>
                <attribute attribute-id="JifitiServiceLocation"/>
                <attribute attribute-id="jifitiCancelApi"/>
                <attribute attribute-id="jifitiRefundApi"/>
            </attribute-group>
            <attribute-group group-id="BNPL Promotional widget">
                <display-name xml:lang="x-default">BNPL Promotional widget</display-name>
                <attribute attribute-id="bnplIsEnabled"/>
                <attribute attribute-id="bnplAuthToken"/>
                <attribute attribute-id="bnplEnableInPDP"/>
                <attribute attribute-id="bnplEnableInPLP"/>
                <attribute attribute-id="bnplEnableInCart"/>
                <attribute attribute-id="bnplContainerStyle"/>
                <attribute attribute-id="bnplTextStyle"/>
                <attribute attribute-id="bnplLinkStyle"/>
                <attribute attribute-id="bnplText"/>
                <attribute attribute-id="bnplCurrencySymbol"/>
                <attribute attribute-id="bnplLinkHref"/>
                <attribute attribute-id="bnplLinkText"/>
                <attribute attribute-id="bnplLinkBehaviour"/>
                <attribute attribute-id="bnplOfferCategory"/>
                <attribute attribute-id="bnplTemplateName"/>
                <attribute attribute-id="bnplFlow"/>
            </attribute-group>
        </group-definitions>
    </type-extension>
    <type-extension type-id="Order">
        <custom-attribute-definitions>
            <attribute-definition attribute-id="orderToken">
                <display-name xml:lang="x-default">orderToken</display-name>
                <type>string</type>
                <mandatory-flag>false</mandatory-flag>
                <externally-managed-flag>false</externally-managed-flag>
                <min-length>0</min-length>
            </attribute-definition>
            <attribute-definition attribute-id="jifitiReferenceId">
                <display-name xml:lang="x-default">ReferenceId</display-name>
                <type>string</type>
                <mandatory-flag>false</mandatory-flag>
                <externally-managed-flag>false</externally-managed-flag>
                <min-length>0</min-length>
            </attribute-definition>
        </custom-attribute-definitions>
        <group-definitions>
            <attribute-group group-id="JifitiPayment">
                <display-name xml:lang="x-default">Jifiti Payment Attributes</display-name>
                <attribute attribute-id="jifitiReferenceId"/>
                <attribute attribute-id="orderToken"/>
            </attribute-group>
        </group-definitions>
    </type-extension>
    <type-extension type-id="PaymentMethod">
        <custom-attribute-definitions>
            <attribute-definition attribute-id="longDescription">
                <display-name xml:lang="x-default">Long Description</display-name>
                <type>text</type>
                <mandatory-flag>false</mandatory-flag>
                <externally-managed-flag>false</externally-managed-flag>
            </attribute-definition>
        </custom-attribute-definitions>
        <group-definitions>
            <attribute-group group-id="JifitiPayment">
                <display-name xml:lang="x-default">JifitiPayment</display-name>
                <attribute attribute-id="longDescription"/>
            </attribute-group>
        </group-definitions>
    </type-extension>
</metadata>
