<?xml version="1.0" encoding="UTF-8"?>
<services xmlns="http://www.demandware.com/xml/impex/services/2014-09-26">
    <service-credential service-credential-id="credPayment.rest">
        <url>https://apiuat2.jifiti.com</url>
        <user-id/>
        <password encrypted="true" encryption-type="common.export">ct9ccXR73pjiAJxulGoD3YyFbf6VnVWLhAFzFZ14Jyw=</password>
    </service-credential>

    <service-profile service-profile-id="credPayment.rest">
        <timeout-millis>30000</timeout-millis>
        <rate-limit-enabled>false</rate-limit-enabled>
        <rate-limit-calls>0</rate-limit-calls>
        <rate-limit-millis>0</rate-limit-millis>
        <cb-enabled>false</cb-enabled>
        <cb-calls>0</cb-calls>
        <cb-millis>0</cb-millis>
    </service-profile>

    <service service-id="credPayment.rest">
        <service-type>HTTP</service-type>
        <enabled>true</enabled>
        <log-prefix>credpayment</log-prefix>
        <comm-log-enabled>fasle</comm-log-enabled>
        <force-prd-enabled>false</force-prd-enabled>
        <mock-mode-enabled>false</mock-mode-enabled>
        <profile-id>credPayment.rest</profile-id>
        <credential-id>credPayment.rest</credential-id>
    </service>

</services>
